Workbook

Sheet Compare
A1: 07K gearbox options: RX-8 6-speed manual vs ZF 8HP automatic
A2: Engine-to-gearbox job only (see Assumptions for scope and rates). Costs are live from the two BOM tabs.
B4: RX-8 6-speed (manual) | C4: ZF 8HP50 (auto)
A5: Cost, low (CAD incl. HST) | B5: ='RX-8 BOM'!H29 -> 2475.6605 | C5: ='8HP BOM'!H23 -> 8497.9616
A6: Cost, high (CAD incl. HST) | B6: ='RX-8 BOM'!I29 -> 5925.0081 | C6: ='8HP BOM'!I23 -> 11651.001
A7: 8HP costs this many times the RX-8 (midpoint) | C7: =IF(B5+B6=0,0,(C5+C6)/(B5+B6)) -> 2.3984951
A8: Comparison
A9: Adapter | B9: Make your own on the school CNC (material ~US$150–300), or buy the proven £140 plate + £35 bolts from RX8 Gearbox Adapters. | C9: $1,250–1,280 DomiWorks kit (plate + billet flywheel + centre guide). Also sold by a Quebec dealer.
A10: Proven on a 07K? | B10: Yes — Brett Horn's E30 (2024–25). Needed timing-cover trimming, a bolt-alignment fix, a CSC, and an engine pull to sort clutch release. | C10: No BMW-8HP 07K or 1.8T build found. Only a one-off 07K → Dodge 8HP (turbo Miata, ChathamCNC plate).
A11: Fits the 07K block? | B11: Works in practice (Brett). Sold for VW PD/1.8T; 07K shares the 1.8T flywheel pattern. | C11: Unconfirmed — the kit is for VW 1.8T/1.9T. Email DomiWorks before buying.
A12: Starter | B12: Audi A4 1.9 TDI starter on the plate — designed in, ~£40–145. | C12: Unknown — no starter solution listed. Biggest open question.
A13: Flywheel / clutch | B13: Off-the-shelf Audi 1.8T single-mass flywheel + pressure plate, Ford 23-spline 228 mm disc. | C13: Billet flexplate included; donor torque converter (seating/runout critical).
A14: Clutch / release | B14: Concentric slave (fork is blocked by the 07K casting): make the adapter + spacers, buy the slave unit. Needs careful spacer setup. | C14: None (auto).
A15: Electronics | B15: None. | C15: Standalone TCU (TurboLamik ~$2.4k, analog inputs from ME7), shifter, wiring, calibration, immobilizer/park-lock handling.
A16: Torque capacity | B16: ~300 lb-ft (~405 Nm); dislikes launches and hard shifts; can get stiff when hot on track. | C16: 8HP50: 500 Nm (~369 lb-ft). 8HP70: 700 Nm if you want margin (heavier).
A17: Weight / size | B17: Compact; ~40–45 kg (estimate, not verified). | C17: ~75–80 kg (8HP50) + 33 mm plate; bigger tunnel/crossmember work.
A18: Shift quality with stock ME7 | B18: Normal manual. | C18: Harsher shifts — ME7 won't cut torque on TCU request without custom tuning.
A19: Drift / track | B19: Clutch kicks, full manual control. Brett's drift car uses it. | C19: Fast paddle shifts in manual mode, but no clutch kick; cooling needed.
A20: Effort | B20: Medium: mechanical fitting + clutch geometry. | C20: High: mechanical + TCU wiring/calibration + cooling + starter.
A22: Verdict | B22: RX-8 for v1: less than half the cost, every part is off the shelf, it's proven on a 07K, and it needs no electronics. Its weak point is torque (~300 lb-ft), which fits the planned ~280 lb-ft cap. The 8HP makes sense later for more torque or paddle shifting, but only after DomiWorks confirms 07K fitment and a starter solution.

Sheet RX-8 BOM
A1: 07K → Mazda RX-8 6-speed: parts list
A2: Blue cells are editable: Qty, Cur, Unit low/high, Include (Y/N). CAD columns use the rates on the Assumptions tab. Include = N rows are greyed out and left out of the totals.
A4: ID | B4: Part | C4: Spec / notes | D4: Qty | E4: Cur | F4: Unit low | G4: Unit high | H4: Ext low (CAD) | I4: Ext high (CAD) | J4: Include | K4: Basis | L4: Source
A5: R1 | B5: Mazda RX-8 6-speed manual, used (Aisin AZ6) | C5: S1 2004–08 is the common one. A YouTube commenter says the 2009–11 S2 box is stronger with the same bolt pattern (unverified). Comes with RX-8 slave + release bearing. | D5: 1 | E5: USD | F5: 425 | G5: 995 | H5: =IF($J5="Y",$D5*$F5*INDEX(Assumptions!$B$4:$B$6,MATCH($E5,Assumptions!$A$4:$A$6,0)),0) -> 603.5 | I5: =IF($J5="Y",$D5*$G5*INDEX(Assumptions!$B$4:$B$6,MATCH($E5,Assumptions!$A$4:$A$6,0)),0) -> 1412.9 | J5: Y | K5: Verified | L5: https://www.ebay.com/b/Complete-Manual-Transmissions-for-Mazda-RX-8/171117/bn_1435951
A6: R2 | B6: Freight for the gearbox | C6: Typical eBay shipping on these listings. | D6: 1 | E6: USD | F6: 150 | G6: 350 | H6: =IF($J6="Y",$D6*$F6*INDEX(Assumptions!$B$4:$B$6,MATCH($E6,Assumptions!$A$4:$A$6,0)),0) -> 213 | I6: =IF($J6="Y",$D6*$G6*INDEX(Assumptions!$B$4:$B$6,MATCH($E6,Assumptions!$A$4:$A$6,0)),0) -> 497 | J6: Y | K6: Verified | L6: https://www.ebay.com/b/Complete-Manual-Transmissions-for-Mazda-RX-8/171117/bn_1435951
A7: R3 | B7: Adapter plate: VW PD/1.8T 20V → RX-8, upright (RX8002) | C7: Engine sits upright instead of VW's 15° lean. Usually in stock, ships next working day. Brett Horn's first-video plate — his build needed a 'resolving bolt alignment' step, so confirm the 07K holes line up. OFF by default: you are making your own (R3M). | D7: 1 | E7: GBP | F7: 140 | G7: 140 | H7: =IF($J7="Y",$D7*$F7*INDEX(Assumptions!$B$4:$B$6,MATCH($E7,Assumptions!$A$4:$A$6,0)),0) -> 0 | I7: =IF($J7="Y",$D7*$G7*INDEX(Assumptions!$B$4:$B$6,MATCH($E7,Assumptions!$A$4:$A$6,0)),0) -> 0 | J7: N | K7: Verified | L7: https://www.rx8gearboxadapters.com/product-page/vw-pd-1-8t-20v-vertically-mounted
A8: R4 | B8: ALT: same plate at 20° lean (RX8049) | C8: Made to order (~2 weeks). Brett switched to this one to tilt the engine for clearance. Set Include = Y and R3 = N to switch. | D8: 1 | E8: GBP | F8: 155 | G8: 155 | H8: =IF($J8="Y",$D8*$F8*INDEX(Assumptions!$B$4:$B$6,MATCH($E8,Assumptions!$A$4:$A$6,0)),0) -> 0 | I8: =IF($J8="Y",$D8*$G8*INDEX(Assumptions!$B$4:$B$6,MATCH($E8,Assumptions!$A$4:$A$6,0)),0) -> 0 | J8: N | K8: Verified | L8: https://www.rx8gearboxadapters.com/product-page/copy-of-vw-pd-1-8t-20v-mounted-20degrees
A9: R5 | B9: Bolt kit (RX8027) | C9: High-tensile cap heads + nylocs: plate→block and RX-8 bell→plate. OFF by default: lengths depend on your plate thickness (see R5M). | D9: 1 | E9: GBP | F9: 35 | G9: 35 | H9: =IF($J9="Y",$D9*$F9*INDEX(Assumptions!$B$4:$B$6,MATCH($E9,Assumptions!$A$4:$A$6,0)),0) -> 0 | I9: =IF($J9="Y",$D9*$G9*INDEX(Assumptions!$B$4:$B$6,MATCH($E9,Assumptions!$A$4:$A$6,0)),0) -> 0 | J9: N | K9: Verified | L9: https://www.rx8gearboxadapters.com/product-page/vw-pd-1-8t-bolt-kit-rx8027
A10: R6 | B10: Spigot (pilot) bearing (RX8017) | C10: Supports the RX-8 input shaft in the crank. Maker names it as the correct one for this conversion. | D10: 1 | E10: GBP | F10: 10 | G10: 10 | H10: =IF($J10="Y",$D10*$F10*INDEX(Assumptions!$B$4:$B$6,MATCH($E10,Assumptions!$A$4:$A$6,0)),0) -> 18.5 | I10: =IF($J10="Y",$D10*$G10*INDEX(Assumptions!$B$4:$B$6,MATCH($E10,Assumptions!$A$4:$A$6,0)),0) -> 18.5 | J10: Y | K10: Verified | L10: https://www.rx8gearboxadapters.com/product-page/rx8-spigot-bearing-rx8017
A11: R7 | B11: Concentric slave cylinder kit, RX-8 6-speed (RX8032) | C11: CSC (42 mm ID / 63 mm OD bearing), billet adapter, spacer plates, hardware, PDF setup guide. Brett needed a CSC because the 07K timing-cover / vacuum-pump casting blocks the RX-8 fork. Set N to try the stock RX-8 slave + fork first. OFF by default: making the adapter + spacers yourself (R7M–R7M3) — but note the slave unit alone can cost more than this whole kit. | D11: 1 | E11: GBP | F11: 230 | G11: 230 | H11: =IF($J11="Y",$D11*$F11*INDEX(Assumptions!$B$4:$B$6,MATCH($E11,Assumptions!$A$4:$A$6,0)),0) -> 0 | I11: =IF($J11="Y",$D11*$G11*INDEX(Assumptions!$B$4:$B$6,MATCH($E11,Assumptions!$A$4:$A$6,0)),0) -> 0 | J11: N | K11: Verified | L11: https://www.rx8gearboxadapters.com/product-page/rx8-6-speed-concentric-slave-cylinder-set-up
A12: R8 | B12: UK → Canada courier (spigot bearing only now) | C12: Rough courier cost; or find the same bearing size locally. UK-origin parts are duty-free under the Canada–UK trade agreement; HST is charged on the Summary tab. | D12: 1 | E12: GBP | F12: 15 | G12: 40 | H12: =IF($J12="Y",$D12*$F12*INDEX(Assumptions!$B$4:$B$6,MATCH($E12,Assumptions!$A$4:$A$6,0)),0) -> 27.75 | I12: =IF($J12="Y",$D12*$G12*INDEX(Assumptions!$B$4:$B$6,MATCH($E12,Assumptions!$A$4:$A$6,0)),0) -> 74 | J12: Y | K12: Estimate
A13: R3M | B13: MAKE: adapter plate — 6061-T6 (or MIC-6 cast) plate | C13: ~16 × 16 in blank; thickness from your stack-up (§13). Machined yourself on the school CNC mill (check travel ≥ plate size, ~16 in): profile, bolt holes, starter mount, dowel holes drilled + reamed. CEED's CO2 lasers can't cut aluminium; SendCutSend can laser it (≤0.75 in, ±0.005 in) if there's no CNC. 1/4 in × 16 × 16 is ~US$67, so 3/4 in is roughly 3×. | D13: 1 | E13: USD | F13: 150 | G13: 300 | H13: =IF($J13="Y",$D13*$F13*INDEX(Assumptions!$B$4:$B$6,MATCH($E13,Assumptions!$A$4:$A$6,0)),0) -> 213 | I13: =IF($J13="Y",$D13*$G13*INDEX(Assumptions!$B$4:$B$6,MATCH($E13,Assumptions!$A$4:$A$6,0)),0) -> 426 | J13: Y | K13: Estimate | L13: https://www.ebay.com/itm/365068559418
A14: R3M2 | B14: MAKE: dowel pins (hardened) + reamer if the shop lacks the size | C14: Match the VW block and RX-8 bell dowel diameters. Add offset dowels if runout > 0.005 in. | D14: 1 | E14: USD | F14: 30 | G14: 90 | H14: =IF($J14="Y",$D14*$F14*INDEX(Assumptions!$B$4:$B$6,MATCH($E14,Assumptions!$A$4:$A$6,0)),0) -> 42.6 | I14: =IF($J14="Y",$D14*$G14*INDEX(Assumptions!$B$4:$B$6,MATCH($E14,Assumptions!$A$4:$A$6,0)),0) -> 127.8 | J14: Y | K14: Estimate | L14: https://americanpowertrain.com/general-bellhousing-alignment-instructions/
A15: R5M | B15: MAKE: fasteners — 10.9 cap screws, nuts, washers | C15: Block→plate and bell→plate; lengths from your plate thickness. | D15: 1 | E15: USD | F15: 40 | G15: 80 | H15: =IF($J15="Y",$D15*$F15*INDEX(Assumptions!$B$4:$B$6,MATCH($E15,Assumptions!$A$4:$A$6,0)),0) -> 56.8 | I15: =IF($J15="Y",$D15*$G15*INDEX(Assumptions!$B$4:$B$6,MATCH($E15,Assumptions!$A$4:$A$6,0)),0) -> 113.6 | J15: Y | K15: Estimate
A16: R7M | B16: BUY: concentric slave cylinder unit | C16: The only part of the slave setup you can't make. Range: a cheap OE-style CSC (if you find one whose bore clears the RX-8 snout) up to a Tilton 1000/6100-series universal (US$370–460). | D16: 1 | E16: USD | F16: 80 | G16: 460 | H16: =IF($J16="Y",$D16*$F16*INDEX(Assumptions!$B$4:$B$6,MATCH($E16,Assumptions!$A$4:$A$6,0)),0) -> 113.6 | I16: =IF($J16="Y",$D16*$G16*INDEX(Assumptions!$B$4:$B$6,MATCH($E16,Assumptions!$A$4:$A$6,0)),0) -> 653.2 | J16: Y | K16: Estimate | L16: https://www.speedwaymotors.com/Tilton-60-6100-Flat-Face-Hydraulic-Release-Bearing-Universal,413901.html
A17: R7M2 | B17: MAKE: CSC mounting adapter — 6061 round bar | C17: ~4–5 in dia × 2 in. Lathe part: bore over the RX-8 input snout, M8 pattern to the box, M6 pattern for the CSC. | D17: 1 | E17: USD | F17: 30 | G17: 60 | H17: =IF($J17="Y",$D17*$F17*INDEX(Assumptions!$B$4:$B$6,MATCH($E17,Assumptions!$A$4:$A$6,0)),0) -> 42.6 | I17: =IF($J17="Y",$D17*$G17*INDEX(Assumptions!$B$4:$B$6,MATCH($E17,Assumptions!$A$4:$A$6,0)),0) -> 85.2 | J17: Y | K17: Estimate
A18: R7M3 | B18: MAKE: CSC spacer plates — aluminium sheet | C18: Set release-bearing-to-finger gap. Several thicknesses. | D18: 1 | E18: USD | F18: 10 | G18: 25 | H18: =IF($J18="Y",$D18*$F18*INDEX(Assumptions!$B$4:$B$6,MATCH($E18,Assumptions!$A$4:$A$6,0)),0) -> 14.2 | I18: =IF($J18="Y",$D18*$G18*INDEX(Assumptions!$B$4:$B$6,MATCH($E18,Assumptions!$A$4:$A$6,0)),0) -> 35.5 | J18: Y | K18: Estimate
A19: R9 | B19: Flywheel + pressure plate: Valeo single-mass conversion kit, Audi B5/B6 A4 1.8T 5-speed (228 mm) | C19: The maker's recipe calls for the Audi longitudinal single-mass flywheel + its pressure plate. 07K shares the 1.8T flywheel bolt pattern (6-bolt; 8-bolt if the crank is a TT-RS one). Kit's own disc has the Audi spline and is NOT used. Ring gear is on the side the longitudinal starter needs. | D19: 1 | E19: USD | F19: 400 | G19: 726 | H19: =IF($J19="Y",$D19*$F19*INDEX(Assumptions!$B$4:$B$6,MATCH($E19,Assumptions!$A$4:$A$6,0)),0) -> 568 | I19: =IF($J19="Y",$D19*$G19*INDEX(Assumptions!$B$4:$B$6,MATCH($E19,Assumptions!$A$4:$A$6,0)),0) -> 1030.92 | J19: Y | K19: Verified | L19: https://www.ecstuning.com/b-ecs-parts/ra4-single-mass-flywheel-kit/ecs212321b5kt/
A20: R10 | B20: Clutch disc: 228 mm, 1" × 23-spline (Ford gearbox spline) | C20: Fits the RX-8 input (RX-8 clutches are listed as 23-spline). Heavy-duty organic for the 07K's torque; Brett runs an aftermarket disc (Southbend sponsors him). Price not confirmed — QED page blocked. | D20: 1 | E20: GBP | F20: 60 | G20: 150 | H20: =IF($J20="Y",$D20*$F20*INDEX(Assumptions!$B$4:$B$6,MATCH($E20,Assumptions!$A$4:$A$6,0)),0) -> 111 | I20: =IF($J20="Y",$D20*$G20*INDEX(Assumptions!$B$4:$B$6,MATCH($E20,Assumptions!$A$4:$A$6,0)),0) -> 277.5 | J20: Y | K20: Estimate | L20: https://qedmotorsport.co.uk/product/clutch-plate-228mm-1-x-23-spline-ford-box-heavy-duty-organic-helix/
A21: R11 | B21: Starter: Audi A4 B6 1.9 TDI PD, 5-speed manual (068911024F) | C21: The maker's specified starter; mounts on the adapter plate. Range covers used to new aftermarket. | D21: 1 | E21: GBP | F21: 40 | G21: 145 | H21: =IF($J21="Y",$D21*$F21*INDEX(Assumptions!$B$4:$B$6,MATCH($E21,Assumptions!$A$4:$A$6,0)),0) -> 74 | I21: =IF($J21="Y",$D21*$G21*INDEX(Assumptions!$B$4:$B$6,MATCH($E21,Assumptions!$A$4:$A$6,0)),0) -> 268.25 | J21: Y | K21: Verified | L21: https://www.ebay.co.uk/p/1509332173
A22: R12 | B22: Clutch hydraulic line + fittings (CSC → master) | C22: Maker: 'all you will need is a brake line'. Master/pedal are chassis-side, not counted. | D22: 1 | E22: USD | F22: 40 | G22: 100 | H22: =IF($J22="Y",$D22*$F22*INDEX(Assumptions!$B$4:$B$6,MATCH($E22,Assumptions!$A$4:$A$6,0)),0) -> 56.8 | I22: =IF($J22="Y",$D22*$G22*INDEX(Assumptions!$B$4:$B$6,MATCH($E22,Assumptions!$A$4:$A$6,0)),0) -> 142 | J22: Y | K22: Estimate
A23: R13 | B23: MAKE: vacuum pump block-off plate (only if the pump hits) | C23: Not a flat plate: copy IE's design — flange + a collar that slides into the pump bore to block the pump's oil feed, sealed with an O-ring (no paper gasket). Lathe for the collar/O-ring groove, mill for the bolt holes. Only needed if you delete the pump for clearance. | D23: 1 | E23: USD | F23: 10 | G23: 25 | H23: =IF($J23="Y",$D23*$F23*INDEX(Assumptions!$B$4:$B$6,MATCH($E23,Assumptions!$A$4:$A$6,0)),0) -> 0 | I23: =IF($J23="Y",$D23*$G23*INDEX(Assumptions!$B$4:$B$6,MATCH($E23,Assumptions!$A$4:$A$6,0)),0) -> 0 | J23: N | K23: Estimate
A24: R14 | B24: Gear oil for the RX-8 box | C24: ~1.6–1.7 L 75W-90 (check the RX-8 manual). | D24: 1 | E24: USD | F24: 25 | G24: 50 | H24: =IF($J24="Y",$D24*$F24*INDEX(Assumptions!$B$4:$B$6,MATCH($E24,Assumptions!$A$4:$A$6,0)),0) -> 35.5 | I24: =IF($J24="Y",$D24*$G24*INDEX(Assumptions!$B$4:$B$6,MATCH($E24,Assumptions!$A$4:$A$6,0)),0) -> 71 | J24: Y | K24: Estimate
A25: R16 | B25: Machining labour: uOttawa work-order shop | C25: Qty = estimated shop hours for the adapter plate (~4–7 h incl. CAM/setup), CSC adapter (~1.5–2.5 h) and spacers — a rough guess, get a quote. Unit low = Faculty of Science rate $35/h, unit high = uOttawa community rate $90/h (Engineering students pay $90 unless the shop says otherwise). OFF: you have free self-serve access to a CNC mill, lathe and welding. | D25: 8 | E25: CAD | F25: 35 | G25: 90 | H25: =IF($J25="Y",$D25*$F25*INDEX(Assumptions!$B$4:$B$6,MATCH($E25,Assumptions!$A$4:$A$6,0)),0) -> 0 | I25: =IF($J25="Y",$D25*$G25*INDEX(Assumptions!$B$4:$B$6,MATCH($E25,Assumptions!$A$4:$A$6,0)),0) -> 0 | J25: N | K25: Estimate
A26: R15 | B26: Clutch alignment tool (3D-printed) | C26: No off-the-shelf tool fits a VW crank pilot + RX-8 spline. | D26: 1 | E26: CAD | F26: 0 | G26: 10 | H26: =IF($J26="Y",$D26*$F26*INDEX(Assumptions!$B$4:$B$6,MATCH($E26,Assumptions!$A$4:$A$6,0)),0) -> 0 | I26: =IF($J26="Y",$D26*$G26*INDEX(Assumptions!$B$4:$B$6,MATCH($E26,Assumptions!$A$4:$A$6,0)),0) -> 10 | J26: Y | K26: Estimate
G27: Subtotal (CAD) | H27: =SUM(H5:H26) -> 2190.85 | I27: =SUM(I5:I26) -> 5243.37
G28: HST | H28: =H27*Assumptions!$B$8 -> 284.8105 | I28: =I27*Assumptions!$B$8 -> 681.6381
G29: TOTAL incl. HST (CAD) | H29: =H27+H28 -> 2475.6605 | I29: =I27+I28 -> 5925.0081

Sheet 8HP BOM
A1: 07K → ZF 8HP (BMW): parts list
A2: Blue cells are editable: Qty, Cur, Unit low/high, Include (Y/N). CAD columns use the rates on the Assumptions tab. Include = N rows are greyed out and left out of the totals.
A4: ID | B4: Part | C4: Spec / notes | D4: Qty | E4: Cur | F4: Unit low | G4: Unit high | H4: Ext low (CAD) | I4: Ext high (CAD) | J4: Include | K4: Basis | L4: Source
A5: H1 | B5: Adapter kit: DomiWorks VW 1.8T/1.9T → BMW 8HP | C5: 33 mm anodised aluminium plate, billet SS2541 steel flywheel/flexplate, flywheel centre guide, bolts, dowels. Fits the 'N57' bell: 8HP45 (N47), 8HP50/51 (B38/B48/B58), 8HP70/75 (N57/B57), 8HP76 (S58). NOT confirmed for the 07K — email them. No starter info. Low = Perfect Tuning (Quebec) price; high = DomiWorks export price. | D5: 1 | E5: USD | F5: 1250 | G5: 1280 | H5: =IF($J5="Y",$D5*$F5*INDEX(Assumptions!$B$4:$B$6,MATCH($E5,Assumptions!$A$4:$A$6,0)),0) -> 1775 | I5: =IF($J5="Y",$D5*$G5*INDEX(Assumptions!$B$4:$B$6,MATCH($E5,Assumptions!$A$4:$A$6,0)),0) -> 1817.6 | J5: Y | K5: Verified | L5: https://www.domi-works.com/products/vw-1-8t-1-8t-to-bmw-8hp-45-50-70-75-n47-n57-b57-b58-s58-adapter-kit
A6: H2 | B6: Shipping / brokerage for the adapter kit | C6: Lower if bought from the Quebec dealer. | D6: 1 | E6: USD | F6: 50 | G6: 200 | H6: =IF($J6="Y",$D6*$F6*INDEX(Assumptions!$B$4:$B$6,MATCH($E6,Assumptions!$A$4:$A$6,0)),0) -> 71 | I6: =IF($J6="Y",$D6*$G6*INDEX(Assumptions!$B$4:$B$6,MATCH($E6,Assumptions!$A$4:$A$6,0)),0) -> 284 | J6: Y | K6: Estimate | L6: https://www.8hptheworld.com/shop/domiworks-21015002-domiworks-vw-1-8t-1-9t-8hp-n47-n57-b57-b58-s58-adapter-kit-79377
A7: H3 | B7: ZF 8HP50 (GA8HP50Z), used, from a 2016–19 F-series B48/B58, RWD | C7: Buy with torque converter + mechatronic. 500 Nm (~369 lb-ft) rating. Avoid the N20 8HP45 (different bell pattern), AWD cases, and G-series 8HP51 (extra TurboLamik parts). | D7: 1 | E7: USD | F7: 600 | G7: 1360 | H7: =IF($J7="Y",$D7*$F7*INDEX(Assumptions!$B$4:$B$6,MATCH($E7,Assumptions!$A$4:$A$6,0)),0) -> 852 | I7: =IF($J7="Y",$D7*$G7*INDEX(Assumptions!$B$4:$B$6,MATCH($E7,Assumptions!$A$4:$A$6,0)),0) -> 1931.2 | J7: Y | K7: Verified | L7: https://www.ebay.com/shop/8hp50-transmission?_nkw=8hp50+transmission
A8: H4 | B8: Freight for the gearbox | D8: 1 | E8: USD | F8: 230 | G8: 400 | H8: =IF($J8="Y",$D8*$F8*INDEX(Assumptions!$B$4:$B$6,MATCH($E8,Assumptions!$A$4:$A$6,0)),0) -> 326.6 | I8: =IF($J8="Y",$D8*$G8*INDEX(Assumptions!$B$4:$B$6,MATCH($E8,Assumptions!$A$4:$A$6,0)),0) -> 568 | J8: Y | K8: Verified | L8: https://www.ebay.com/shop/8hp50-transmission?_nkw=8hp50+transmission
A9: H5 | B9: Torque converter: donor unit | C9: Must seat fully ('3 clicks') with ≤0.05 mm runout or the pump fails. The DomiWorks centre guide handles centring. | D9: 1 | E9: USD | F9: 0 | G9: 0 | H9: =IF($J9="Y",$D9*$F9*INDEX(Assumptions!$B$4:$B$6,MATCH($E9,Assumptions!$A$4:$A$6,0)),0) -> 0 | I9: =IF($J9="Y",$D9*$G9*INDEX(Assumptions!$B$4:$B$6,MATCH($E9,Assumptions!$A$4:$A$6,0)),0) -> 0 | J9: Y | K9: Verified | L9: https://pmcmotorsport-shop.com/ZF-8HP-SWAP-Diagnostics-Tuning-choosing-right-TCU-blog-eng-1775051619.html
A10: H6 | B10: TCU: TurboLamik TCU 2.0 full kit | C10: TCU, harness, program switch, display, mechatronic cover. Takes ANALOG RPM / TPS / MAP, so it can run beside the stock VW ME7 ECU. Replaces the gearbox's control board, so the BMW immobilizer lock doesn't apply. | D10: 1 | E10: USD | F10: 2365 | G10: 2500 | H10: =IF($J10="Y",$D10*$F10*INDEX(Assumptions!$B$4:$B$6,MATCH($E10,Assumptions!$A$4:$A$6,0)),0) -> 3358.3 | I10: =IF($J10="Y",$D10*$G10*INDEX(Assumptions!$B$4:$B$6,MATCH($E10,Assumptions!$A$4:$A$6,0)),0) -> 3550 | J10: Y | K10: Verified | L10: https://www.turbolamik.us/tcu-accessories/tcu-turbolamik-full-kit/
A11: H7 | B11: ALT TCU: CANformance CANTCU | C11: Keeps the OEM mechatronic and unlocks the immobilizer remotely. VW ME7 is NOT on its supported-ECU list — analog/custom setup only after contacting CANformance. Set H6 = N and H7 + H8 = Y to switch. | D11: 1 | E11: USD | F11: 1390 | G11: 1390 | H11: =IF($J11="Y",$D11*$F11*INDEX(Assumptions!$B$4:$B$6,MATCH($E11,Assumptions!$A$4:$A$6,0)),0) -> 0 | I11: =IF($J11="Y",$D11*$G11*INDEX(Assumptions!$B$4:$B$6,MATCH($E11,Assumptions!$A$4:$A$6,0)),0) -> 0 | J11: N | K11: Verified | L11: https://www.domi-works.com/products/canformance-cantcu-transmission-controller
A12: H8 | B12: ALT: CANTCU plug-and-play harness (DomiWorks) | C12: Only with H7. | D12: 1 | E12: USD | F12: 590 | G12: 590 | H12: =IF($J12="Y",$D12*$F12*INDEX(Assumptions!$B$4:$B$6,MATCH($E12,Assumptions!$A$4:$A$6,0)),0) -> 0 | I12: =IF($J12="Y",$D12*$G12*INDEX(Assumptions!$B$4:$B$6,MATCH($E12,Assumptions!$A$4:$A$6,0)),0) -> 0 | J12: N | K12: Verified | L12: https://www.domi-works.com/products/cantcu-8hp-dct-wiring-harness-kit
A13: H9 | B13: Shifter: used BMW F30 gear selector | C13: Shift-by-wire, no linkage. | D13: 1 | E13: USD | F13: 30 | G13: 135 | H13: =IF($J13="Y",$D13*$F13*INDEX(Assumptions!$B$4:$B$6,MATCH($E13,Assumptions!$A$4:$A$6,0)),0) -> 42.6 | I13: =IF($J13="Y",$D13*$G13*INDEX(Assumptions!$B$4:$B$6,MATCH($E13,Assumptions!$A$4:$A$6,0)),0) -> 191.7 | J13: Y | K13: Verified | L13: https://www.ebay.com/itm/265802875523
A14: H10 | B14: Paddle shifters | C14: Wired to TCU inputs. Optional. | D14: 1 | E14: USD | F14: 50 | G14: 200 | H14: =IF($J14="Y",$D14*$F14*INDEX(Assumptions!$B$4:$B$6,MATCH($E14,Assumptions!$A$4:$A$6,0)),0) -> 0 | I14: =IF($J14="Y",$D14*$G14*INDEX(Assumptions!$B$4:$B$6,MATCH($E14,Assumptions!$A$4:$A$6,0)),0) -> 0 | J14: N | K14: Estimate
A15: H11 | B15: ATF cooler adapter (DomiWorks Type 1) + AN8 fittings | C15: $95 adapter + $16 fittings. | D15: 1 | E15: USD | F15: 111 | G15: 111 | H15: =IF($J15="Y",$D15*$F15*INDEX(Assumptions!$B$4:$B$6,MATCH($E15,Assumptions!$A$4:$A$6,0)),0) -> 157.62 | I15: =IF($J15="Y",$D15*$G15*INDEX(Assumptions!$B$4:$B$6,MATCH($E15,Assumptions!$A$4:$A$6,0)),0) -> 157.62 | J15: Y | K15: Verified | L15: https://www.domi-works.com/products/8hp-oil-cooler-adapter-n57
A16: H12 | B16: ATF cooler, AN lines, thermostat | D16: 1 | E16: USD | F16: 180 | G16: 450 | H16: =IF($J16="Y",$D16*$F16*INDEX(Assumptions!$B$4:$B$6,MATCH($E16,Assumptions!$A$4:$A$6,0)),0) -> 255.6 | I16: =IF($J16="Y",$D16*$G16*INDEX(Assumptions!$B$4:$B$6,MATCH($E16,Assumptions!$A$4:$A$6,0)),0) -> 639 | J16: Y | K16: Estimate
A17: H13 | B17: ATF: ZF Lifeguard 8, ~9 L dry fill | C17: Fill + level procedure and a fill adaptation step are required. | D17: 1 | E17: USD | F17: 180 | G17: 225 | H17: =IF($J17="Y",$D17*$F17*INDEX(Assumptions!$B$4:$B$6,MATCH($E17,Assumptions!$A$4:$A$6,0)),0) -> 255.6 | I17: =IF($J17="Y",$D17*$G17*INDEX(Assumptions!$B$4:$B$6,MATCH($E17,Assumptions!$A$4:$A$6,0)),0) -> 319.5 | J17: Y | K17: Verified | L17: https://automaxxparts.com/products/zf-lifeguard-8-transmission-fluid-1-liter-jug-for-zf8hp45-8hp50-70-2010
A18: H14 | B18: Park-lock release cable (SLG/HPR) | C18: Park lock defaults to engaged with no power — mandatory for towing / moving the car. NOK 2,199. | D18: 1 | E18: USD | F18: 200 | G18: 200 | H18: =IF($J18="Y",$D18*$F18*INDEX(Assumptions!$B$4:$B$6,MATCH($E18,Assumptions!$A$4:$A$6,0)),0) -> 284 | I18: =IF($J18="Y",$D18*$G18*INDEX(Assumptions!$B$4:$B$6,MATCH($E18,Assumptions!$A$4:$A$6,0)),0) -> 284 | J18: Y | K18: Verified | L18: https://hpr-tuning.com/products/slg-hpr-park-lock-release-for-bmw
A19: H15 | B19: Starter solution | C19: UNKNOWN — DomiWorks gives none for this kit (their AAN kit needs the case notched). Bracket / machining / starter allowance. | D19: 1 | E19: USD | F19: 100 | G19: 400 | H19: =IF($J19="Y",$D19*$F19*INDEX(Assumptions!$B$4:$B$6,MATCH($E19,Assumptions!$A$4:$A$6,0)),0) -> 142 | I19: =IF($J19="Y",$D19*$G19*INDEX(Assumptions!$B$4:$B$6,MATCH($E19,Assumptions!$A$4:$A$6,0)),0) -> 568 | J19: Y | K19: Estimate
A20: H16 | B20: ALT: uprated torque converter (Spool 8HPX / Dodson) | C20: Optional, for higher stall. | D20: 1 | E20: USD | F20: 1850 | G20: 1942 | H20: =IF($J20="Y",$D20*$F20*INDEX(Assumptions!$B$4:$B$6,MATCH($E20,Assumptions!$A$4:$A$6,0)),0) -> 0 | I20: =IF($J20="Y",$D20*$G20*INDEX(Assumptions!$B$4:$B$6,MATCH($E20,Assumptions!$A$4:$A$6,0)),0) -> 0 | J20: N | K20: Verified | L20: https://spoolperformance.com/products/8hpx-high-stall-upgraded-torque-converter
G21: Subtotal (CAD) | H21: =SUM(H5:H20) -> 7520.32 | I21: =SUM(I5:I20) -> 10310.62
G22: HST | H22: =H21*Assumptions!$B$8 -> 977.6416 | I22: =I21*Assumptions!$B$8 -> 1340.3806
G23: TOTAL incl. HST (CAD) | H23: =H21+H22 -> 8497.9616 | I23: =I21+I22 -> 11651.001

Sheet Assumptions
A1: Assumptions
A3: Currency | B3: CAD per unit | C3: Source
A4: CAD | B4: 1 | C4: —
A5: USD | B5: 1.42 | C5: Rate used in the Oct 4, 2026 planning notes. Update before ordering.
A6: GBP | B6: 1.85 | C6: Estimate — update before ordering.
A8: Ontario HST on purchases / imports | B8: 0.13 | C8: Charged at the border on imports, or at sale. UK- and EU-origin parts are duty-free (CUKTCA / CETA); brokerage fees may apply.
A10: Scope
A11: Engine-to-gearbox job only, plus what each gearbox needs to work (clutch release, control, cooling, fluid). Chassis-side parts are excluded on both sides: mounts, driveshaft, shifter linkage/tunnel, clutch master & pedal.
A12: Basis: 'Verified' = price/spec seen on the source URL (Oct 4, 2026; some are eBay listing ranges); 'Estimate' = rough figure, check before buying.
